"http://thereporteronline.com",reporter,the,online
"http://venturebeat.com",beat,venture
"http://wholenewmom.com",new,whole,mom
"http://cookeatshare.com",share,cooke
"http://coolmompicks.com",cool,picks,mom
"http://www.wzzk.com/visitor_agreement/",agreement,visitor
"http://www.wfmz.com/entertainment/contests/-/121602/-/58ripv/-/index.html",rip,contests,entertainment
"http://videos.nola.com/nola/",videos,nola
"http://www.mlive.com/comics-kingdom/",kingdom,live
"http://www.wfmz.com/lifestyle/money/Apple-supplier-audit-finds-wage-overtime-violations/-/133080/9760230/-/12q5wiy/-/index.html",violations,wage,finds,apple,lifestyle,money,audit,overtime,supplier
"http://www.wyff4.com/index.html",
"http://www.wfmz.com/lifestyle/travel/Investigators-get-voice-recorder-from-JetBlue-flight/-/133130/9758668/-/e0so4d/-/index.html",flight,voice,get,jetblue,recorder,lifestyle,investigators,from,travel
"http://www.nbcmontana.com/index.html",montana
"http://www.wfmz.com/news/Seniors-preparing-thousands-of-eggs-for-children-s-hunt/-/121458/9765982/-/13loe8s/-/index.html",eggs,seniors,for,news,hunt,children,preparing,thousands
"http://www.power953.com/ap/ap/entertainment/cbs-expands-face-the-nation-to-1-hour-on-sunday/nLgBr/",face,sunday,expands,power,hour,the,nation,entertainment
"http://www.mlive.com/jackson/",jackson,live
"http://www.mlive.com/events/things-to-do/",events,things,live
"http://www.mlive.com/ereplica",replica,live
"http://www.wmur.com/index.html",
"http://www.mlive.com/politics/",politics,live
"http://www.star94fm.com/events/detail/427815/",detail,events,star
"http://freddyo.com/wp-content/plugins/autothumb/image.php?src=/wp-content/uploads/2012/03/ne-yo-strip-club.jpg&aoe=1&q=100&w=520&h=578&hash=eb5d9872cf9b66c72a812e692b29757b",content,freddy,gins,hash,club,image,auto,strip,thumb,upload
"http://static.lockerz.com/decalz/mobile/image001332958944366ile4zf.jpg",static,locker,image,decal,mobile
"http://jacksonville.com/",jacksonville
"http://juneauempire.com/",empire,juneau
"http://assets.content.ytmnd.com/css/themes/2011/ytmnd.css?2.1.9",content,assets,themes
"http://marketplace.dailytribune.com",tribune,marketplace,daily
"http://marketplace.delcotimes.com/",times,del,marketplace
"http://www.oregonlive.com/pilots/",oregon,pilots,live
"http://www.oregonlive.com/oregonian/",oregonian,oregon,live
"http://www.oregonlive.com/tennis/",oregon,tennis,live
"http://www.oregonlive.com/weather/index.ssf?zipcode=97420",zip,oregon,index,weather,code,live
"http://www.oregonlive.com/forums/portlandbeavers/?initial=true",oregon,forums,portland,beavers,initial,true,live
"http://www.oregonlive.com/traffic/",oregon,traffic,live
"http://www.oregonlive.com/weather/index.ssf?zipcode=97205",zip,oregon,index,weather,code,live
"http://www.oregonlive.com/washingtoncounty/index.ssf/2012/03/detective_mom_inspires_daughte.html",washington,oregon,index,county,aught,inspires,detective,mom,live
"http://www.oregonlive.com/forums/mariners/?initial=true",oregon,forums,initial,true,mariners,live
"http://www.oregonlive.com/forums/boysbasketball6a/?initial=true",basketball,oregon,forums,initial,boys,true,live
"http://www.oregonlive.com/timbers/index.ssf/2012/03/portland_timbers_video_jack_je_3.html",oregon,index,jack,portland,timbers,video,live
"http://www.oregonlive.com/opinion/index.ssf/2012/03/immigration_imo.html",oregon,index,immigration,opinion,live
"http://www.oregonlive.com/forums/golf/?initial=true",oregon,forums,initial,true,golf,live
"http://www.oregonlive.com/performance/index.ssf/2012/03/nw_ladies_of_experimental_danc.html",oregon,ladies,index,dan,performance,experimental,live
"http://pawtuckettimes.com/aggregator/categories/3",times,paw,greg,categories,tuck,tor
"http://pawtuckettimes.com/news",news,times,paw,tuck
"http://poteaudailynews.com/content/real-estate-3-21-12",content,real,news,daily,pot,estate
"http://poteaudailynews.com/editionsubscribe",edition,subscribe,news,daily,pot
"http://poteaudailynews.com/content/sudoku",content,news,daily,pot
"http://poteaudailynews.com/entertainment",news,daily,entertainment,pot
"http://poteaudailynews.com/content/reporters-blog-2-1",content,news,reporters,log,daily,pot
"http://punxsutawneyspirit.com/calendar-date1/2012-03-04",pun,tawney,spirit,date,calendar
"http://punxsutawneyspirit.com/content/family-ties-run-deep-during-annual-pahs-variety-show",content,annual,during,pun,family,tawney,ties,spirit,show,run,deep,variety
"http://pawtuckettimes.com/content/about-us-contact-us",content,times,paw,about,tuck,contact
"http://pawtuckettimes.com/content/sra-alum-magill-winding-down-career-umass",mass,content,winding,times,paw,career,alum,tuck,down,gill
"http://punxsutawneyspirit.com/content/council-rehires-brian-andrekovich",content,andre,brian,pun,tawney,spirit,vic,council,rehires
"http://punxsutawneyspirit.com/",pun,tawney,spirit
"http://punxsutawneyspirit.com/aggregator/categories/5",pun,tawney,greg,spirit,categories,tor
"http://poteaudailynews.com/content/soldiers-christmas-poem",content,soldiers,news,christmas,poem,daily,pot
"http://poteaudailynews.com/frontpage?quicktabs_3=0",page,news,quick,front,daily,pot,tabs
"http://pawtuckettimes.com/content/subscribe-starkville-daily-news-0",content,subscribe,news,times,paw,ville,tuck,daily,stark
"http://punxsutawneyspirit.com/content/phils-proclamation",content,pun,phil,tawney,spirit,proclamation
"http://poteaudailynews.com/content/harris-formally-charged-murder",content,murder,formally,news,harris,charged,daily,pot
"http://poteaudailynews.com/content/caleb-wayne-rose-sr",content,rose,caleb,wayne,news,daily,pot
"http://punxsutawneyspirit.com/content/classified-listings",content,pun,tawney,classified,spirit,listings
"http://pawtuckettimes.com/content/politics-usual-jim-baron-never-dull-moment-central-falls",usual,dull,moment,tuck,content,jim,politics,baron,never,times,falls,paw,central
"http://poteaudailynews.com/obituaries",obituaries,news,daily,pot
"http://poteaudailynews.com/content/forms-and-announcements",content,news,announcements,daily,forms,pot,and
"http://poteaudailynews.com/content/jobs",content,jobs,news,daily,pot
"http://poteaudailynews.com/content/classified-listings",content,news,classified,listings,daily,pot
"http://pawtuckettimes.com/content/bob-healey-finally-catches-wave",content,catches,bob,heal,times,paw,wave,finally,tuck
"http://pawtuckettimes.com/content/classified-listings",content,times,paw,classified,tuck,listings
"http://pawtuckettimes.com/content/pawtucket-solicits-bids-security-cameras",content,times,paw,bids,solicits,tuck,security,cameras
"http://poteaudailynews.com/content/send-us-your-event",content,send,news,event,your,daily,pot
"http://poteaudailynews.com/content/angler-lands-new-oklahoma-state-record-largemouth-bass",lands,news,oklahoma,mouth,state,daily,pot,content,record,new,bass,angler,large
"http://pawtuckettimes.com/content/police-foil-motherson-drug-operation",content,operation,mothers,foil,police,times,paw,tuck,drug
"http://punxsutawneyspirit.com/calendar-date1/2012-03-06",pun,tawney,spirit,date,calendar
"http://pawtuckettimes.com/content/real-estate",content,real,times,paw,tuck,estate
"http://pawtuckettimes.com/content/send-us-your-event",content,send,times,event,your,paw,tuck
"http://pawtuckettimes.com/content/oneill-still-wants-red-light-cameras",content,red,times,neil,paw,still,tuck,light,wants,cameras
"http://pawtuckettimes.com/content/hurley-quickly-gets-his-feet-wet-uri-vincent-council-looking-forward-senior-year-pc",hurley,gets,feet,tuck,vincent,council,looking,content,his,forward,times,paw,year,wet,quickly,senior
"http://pawtuckettimes.com/content/thanks-supporting-lupo-memorial-scholarship-run",content,thanks,memorial,supporting,times,scholarship,paw,tuck,run
"http://pawtuckettimes.com/frontpage?quicktabs_3=0",page,times,paw,quick,front,tuck,tabs
"http://pawtuckettimes.com/frontpage?quicktabs_2=0",page,times,paw,quick,front,tuck,tabs
"http://punxsutawneyspirit.com/content/forms-and-milestones",content,milestones,pun,tawney,spirit,forms,and
"http://poteaudailynews.com/sports",news,sports,daily,pot
"http://punxsutawneyspirit.com/content/and-theyre-punxsy-grabs-pair-dual-wins-opener",opener,dual,content,eyre,pair,pun,tawney,spirit,grabs,wins,and
"http://cdn.abclocal.go.com/static/art/bio/wpvi_bio_aliciavitarelli_160x200.jpg",static,alicia,art,local,tare
"http://cdn.abclocal.go.com/static/art/bio/wpvi_bio_cecilytynan_160x200.jpg",nan,static,art,local,cecily
"http://cdn.abclocal.go.com/static/art/bio/wpvi_bio_jamieapody_160x200.jpg",static,art,jamie,local,pod
"http://cdn.abclocal.go.com/static/art/global/icon_film.gif",film,icon,static,global,art,local
"http://cdn.abclocal.go.com/images/wpvi/cms_exf_2007/news/special_reports/8581072_94x53.jpg",reports,news,images,special,local
"http://www.wapt.com/-/9157628/9156340/-/colConfig/hc%253D9157636%252C9157628/eptoken/9157628%257C9157628/postMode/ajax/view/tab/-/135ke7n/-/index.html?random=1333064373911",con,col,post,token,fig,apt,ajax,random,tab,view,mode
"http://cdn.abclocal.go.com/images/wpvi/cms_exf_2007/news/sports/pro/hockey/8596481_448x252.jpg",hockey,news,pro,sports,images,local
"http://www.GlobalPost.com/",post,global
"http://www.kitv.com/-/8906042/8905794/-/colConfig/hc%253D8905766%252C8906042/eptoken/8906042%257C8906042/postMode/ajax/view/tab/-/r98fv8z/-/index.html?random=1333064772066",con,col,post,token,fig,ajax,random,tab,view,kit,mode
"http://www.star94fm.com",star
"http://www.news4jax.com/blob/view/-/9758410/data/1/-/5t9k4z/-/Trayvon-Martin-police-report.pdf",blob,police,news,martin,tray,report,data,view
"http://cdn.abclocal.go.com/images/wpvi/cms_exf_2007/news/sports/pro/hockey/8599456_94x53.jpg",hockey,news,pro,sports,images,local
"http://www.power953.com/ap/ap/entertainment/george-jones-hospitalized-in-nashville/nLgS7/",george,jones,hospitalized,nashville,power,entertainment
"http://www.news8000.com/about-wkbt/-/4392/-/x2h6ilz/-/index.html",news,about
"http://www.news4jax.com/-/475982/3990124/-/3ed648z/-/index.html",news
"http://www.y100fm.com/list/entertainment/music/close-and-personal/eCB/",music,personal,list,entertainment,and,close
"http://www.wapt.com/-/9157628/9156346/-/colConfig/hc%253D9157664%252C9157628/eptoken/9157628%257C9157628/postMode/ajax/view/tab/-/6w1n40z/-/index.html?random=1333064373924",con,col,post,token,fig,apt,ajax,random,tab,view,mode
"http://www.power953.com/online/search-help/",help,search,power,online
"http://www.wzzk.com/gallery/entertainment/multimedia/images-weekend/gCyk/",multimedia,gallery,weekend,images,entertainment
"http://www.GlobalPost.com/bio/douglas-gillison-0",post,douglas,global,son,gill
"http://www.wzzk.com/list/entertainment/celebrity-news/country-headlines-boot/eFj/",celebrity,boot,news,list,headlines,entertainment,country
"http://www.kitv.com/-/8906042/9740432/-/revys2z/-/index.html",rev,kit
"http://www.news8000.com/entertainment/contests/-/766/-/19g4bf/-/index.html",contests,news,entertainment
"http://www.power953.com/profile/edit/private/",edit,power,private,profile
"http://www.y100fm.com/ur/api/redirect/",redirect
"http://www.wapt.com/-/9157628/9156350/-/colConfig/hc%253D9157664%252C9157628/eptoken/9157628%257C9157628/postMode/ajax/view/tab/-/a2u0v8z/-/index.html?random=1333064373924",con,col,post,token,fig,apt,ajax,random,tab,view,mode
"http://www.y100fm.com/events/",events
"http://www.star94fm.com/ap/ap/entertainment/sons-of-sugar-hill-label-founders-face-tax-charges/nLgQz/",founders,face,hill,charges,tax,sons,star,label,entertainment,sugar
"http://www.GlobalPost.com/bio/kristin-deasy",post,easy,kristin,global
"http://www.star94fm.com/ap/ap/alcohol/lohan-returns-to-court-for-probable-final-hearing/nLfyD/",hearing,final,han,probable,for,alcohol,star,court,returns
"http://www.news8000.com/news/-/326/9704806/-/4hnilrz/-/index.html",news,nil
"http://www.power953.com/s/power953/boyfriend/",boyfriend,power
"http://www.news4jax.com/consumer-news/real-estate/-/1935220/-/ivo38rz/-/index.html",real,news,consumer,estate
"http://www.star94fm.com/online/search-help/",help,search,star,online
"http://www.kitv.com/news/hawaii/Police-chase-leads-to-hit-and-run-in-Salt-Lake/-/8905354/9766044/-/6awoa5/-/index.html",leads,police,hit,news,lake,chase,run,hawaii,kit,salt,and
"http://www.GlobalPost.com/globalpost-blogs/chatter",post,logs,global,chatter
"http://www.wapt.com/connect/rss",connect,apt
"http://www.news8000.com/news/Will-all-or-parts-of-health-care-law-stand/-/326/9755500/-/13ylei1z/-/index.html",law,stand,news,care,will,parts,health,lei,all
"http://www.news4jax.com/election-2012/florida-primary/-/8261418/-/m0oecfz/-/index.html",election,news,florida,primary
"http://www.kitv.com/news/hawaii/Big-Island-elderly-targeted-with-unsolicited-services/-/8905354/9765760/-/jl92inz/-/index.html",services,with,unsolicited,news,elderly,big,hawaii,kit,targeted,island
"http://www.y100fm.com/videos/entertainment/biggest-loser-surprised-by-michelle-obama/vGjLg/",loser,videos,michelle,biggest,surprised,entertainment
"http://www.wzzk.com/s/inside/",inside
"http://www.star94fm.com/gallery/ap/entertainment/1980s-shoe-craze-popular-again/gfBn/",gallery,craze,popular,star,again,shoe,entertainment
"http://www.y100fm.com/videos/entertainment/polar-bear-cub-charms-an-excited-crowd/vGjKh/",bear,polar,charms,videos,excited,crowd,cub,entertainment
"http://www.GlobalPost.com/globalpost-blogs/india",post,logs,global,india
"http://www.wapt.com/news/central-mississippi/jackson/Boil-water-alert-issued-for-area-of-Hinds-County/-/9156912/9758024/-/34bjbtz/-/index.html",water,apt,news,for,alert,issued,boil,mississippi,area,hinds,county,jackson,central
"http://www.wzzk.com/lotto/",lotto
"http://www.wzzk.com/s/wzzkaudio/",audio
"http://www.GlobalPost.com/section/trayvon-martin",post,martin,tray,global,section
"http://www.kitv.com/news/national/Trayvon-Martin-s-death-leaves-town-divided/-/8905418/9758676/-/cvva8nz/-/index.html",news,death,martin,national,tray,divided,town,leaves,kit
"http://www.wapt.com/weather/closings",apt,weather,closing
"http://www.news8000.com/sports/high-school-sports/-/930/-/i9w0p/-/index.html",school,news,sports,high
"http://www.star94fm.com/online/video-help/",help,star,video,online
"http://www.news4jax.com/entertainment/2012-autos/-/4295080/-/1evebr/-/index.html",eve,autos,news,entertainment
"http://www.y100fm.com/visitor_agreement/",agreement,visitor
"http://www.news4jax.com/entertainment/trending/Dennis-Rodman-s-alcohol-problem-preventing-child-support-say-reps/-/1903564/9740656/-/6sywna/-/index.html",preventing,trending,support,news,problem,dennis,entertainment,child,reps,rod,alcohol,say,man
"http://www.news8000.com/spotlight/taxes/-/8816132/-/1ra8ay/-/index.html",news,taxes,spotlight
"http://www.power953.com/weblogs/celebrity-news/",celebrity,news,logs,power,web
"http://www.news4jax.com/news/Police-Gang-forced-high-school-girls-to-be-prostitutes/-/475880/9765282/-/hoo7g6/-/index.html",prostitutes,girls,school,police,news,high,gang,forced
"http://www.kitv.com/tv/About-Island-Television/-/8907182/9370362/-/gvrntrz/-/index.html",television,about,kit,island
"http://www.news4jax.com/health/wolfson/-/7282728/-/15cw7va/-/index.html",news,wolfs,health
"http://www.news4jax.com/news/ishot-news/Capture-breaking-news-send-us-your-photos/-/1877162/3990976/-/q02uuj/-/index.html",photos,send,news,your,capture,shot,breaking
"http://www.news4jax.com/health/good-4-you/-/1912048/-/ymr1vy/-/index.html",news,you,good,health
"http://www.news4jax.com/news/DNA-key-in-armed-robber-s-conviction/-/475880/9759478/-/26dlo4/-/index.html",conviction,news,robber,armed,key
"http://www.news4jax.com/news/Man-saws-off-foot-to-keep-jobless-benefits/-/475880/9737852/-/av809tz/-/index.html",jobless,foot,news,off,benefits,man,keep,saws
"http://www.news4jax.com/entertainment/whats-on-4/-/1903530/-/10ieob9/-/index.html",news,whats,entertainment
"http://www.news4jax.com/entertainment/contests/-/475398/-/ogwybgz/-/index.html",contests,news,entertainment
"http://www.news4jax.com/entertainment/pets/Dogs-may-tell-much-about-a-man/-/1905478/11042/-/vjx43oz/-/index.html",may,dogs,news,pets,about,tell,man,much,entertainment
"http://www.power953.com/weblogs/nailzs-toolbox/2011/aug/05/new-music-alert-chris-brown-ft-justin-bieber-ladie/",music,new,nail,toolbox,justin,logs,alert,die,power,brown,web,aug,chris
"http://www.news4jax.com/morning-show/restaurant-report-card/Roaches-in-Vietnamese-kitchen/-/1931226/9756342/-/asd615/-/index.html",roaches,news,report,vietnamese,card,show,kitchen,restaurant,morning
"http://picky-palate.com/tag/brownie-batter/",tag,brownie,palate,picky,batter
"http://picky-palate.com/tag/chicken-sausage/",sausage,chicken,tag,palate,picky
"http://picky-palate.com/tag/game-day-food/",food,tag,palate,day,game,picky
"http://picky-palate.com/tag/marshmallow-creme/",marshmallow,tag,palate,picky
"http://picky-palate.com/tag/mccormick/",tag,palate,picky,mccormick
"http://picky-palate.com/tag/orville/",tag,palate,orville,picky
"http://picky-palate.com/tag/pork-chops/",tag,pork,chops,palate,picky
"http://picky-palate.com/tag/reader-favorite-recipes/",reader,tag,recipes,palate,favorite,picky
"http://picky-palate.com/tag/red-bell-peppers/",bell,peppers,red,tag,palate,picky
"http://picky-palate.com/tag/spahgetti/",get,tag,palate,picky,spa
"http://myfox8.com/2012/02/23/our-town-korners-folly/",fox,folly,town,our
"http://myfox8.com/2012/03/28/capital-bank-to-buy-southern-community-in-48m-deal/",southern,fox,deal,unity,buy,bank,capital
"http://myfox8.com/tag/eastern-guilford-high-school/",school,fox,tag,high,eastern,ford
"http://myfox8.com/2012/03/19/bruce-springsteen-returns-to-greensboro/",springsteen,fox,greensboro,bruce,returns
"http://myfox8.com/author/ghsmith4/",author,fox,smith
"http://wqad.com/2012/03/21/congressional-race-already-heating-up-in-il-district-17/",congressional,heating,already,district,race
"http://wqad.com/community/news-8-events/?share=twitter",twitter,share,news,unity,events
"http://myfox8.com/2012/03/29/drunken-man-sings-queen-in-back-of-police-cruiser-video/feed/",drunken,fox,cruiser,police,queen,back,feed,sings,video,man
"http://myfox8.com/2012/03/28/passenger-attacks-crew-on-us-airways-flight-from-nc/feed/",passenger,flight,fox,airways,crew,feed,from,attacks
"http://wqad.com/2012/03/28/traffic-slowed-by-davenport-water-main-break/",water,davenport,break,traffic,main,slowed
"http://myfox8.com/2012/03/19/she-said-autism-moms-facebook-beauty-and-words-you-shouldnt-say/",face,fox,said,you,beauty,should,and,moms,words,autism,say,she,book
"http://myfox8.com/2012/03/14/she-said-jonbenet-ramsey-contraception-and-toilet-paper/",said,fox,toilet,ramsey,paper,she,benet,jon,contraception,and
"http://wqad.com/2012/03/27/james-visits-hillcrest-elementary/",james,hill,crest,visits,elementary
"http://myfox8.com/2012/03/22/us-intel-water-a-cause-for-war-in-coming-decades/",water,decades,cause,fox,for,intel,war
"http://wqad.com/on-air/whats-cooking/?share=twitter",twitter,share,cooking,air,whats
"http://myfox8.com/pixel.quantserve.com/pixel/p-18-mFEk4J448M.gif?labels=%2Clanguage.en%2Ctype.wpcom%2Cposttag.gas%2Cvip.localtvwghp",gas,serve,post,fox,pixel,tag,labels,local,language,type,ant
"http://myfox8.com/2012/03/21/toddler-in-cast-wheelchair-searched-by-tsa-video/",fox,cast,wheelchair,toddler,searched,video
"http://myfox8.com/2012/02/28/she-said-names-the-tooth-fairy-and-paula-deen/",paula,said,fox,dee,tooth,names,fairy,she,the,and
"http://wqad.com/2012/03/29/niabi-zoo-tiger-dies/?share=twitter",twitter,share,dies,tiger,zoo
"http://wqad.com/2012/03/27/mega-millions-jackpot-at-363-million/",million,meg,jackpot,millions
"http://myfox8.com/author/wghpcindyfarmer/feed/",author,fox,farmer,cindy,feed
"http://myfox8.com/author/scgustinwdw/page/2/",gust,author,fox,page
"http://myfox8.com/2012/03/29/nc-zoo-may-go-private/feed/",may,fox,zoo,feed,private
"http://myfox8.com/2012/03/27/video-boy-falls-asleep-while-skiing/",asleep,skiing,fox,falls,boy,video,while
"http://myfox8.com/2012/03/24/nc-state-falls-to-kansas-60-57-in-sweet-16/feed/",sweet,fox,falls,state,feed,kansas
"http://wqad.com/2012/03/07/tricep-kickback/",trice,kickback
"http://wqad.com/category/photo-galleries/",galleries,category,photo
"http://myfox8.com/2012/02/27/inspired-living-emily-byrds-hero/feed/",hero,fox,feed,byrd,living,inspired,emily
"http://myfox8.com/2012/03/23/bank-of-america-trial-program-allows-homeowners-to-lease-to-avoid-foreclosure/",avoid,homeowners,fox,america,allows,lease,program,foreclosure,bank,trial
"http://myfox8.com/2012/03/01/deputies-seek-leads-in-reidsville-home-break-in/",break,home,leads,fox,reid,ville,deputies,seek
"http://myfox8.com/2012/03/19/scouts-visit-wake-forest-for-nfl-pro-day/",fox,for,wake,pro,scouts,forest,visit,day
"http://myfox8.com/2012/03/20/williams-unc-preparing-to-play-without-marshall/",fox,play,williams,marshall,without,preparing
"http://myfox8.com/2012/02/28/reflections-of-rich-on-the-radio/feed/",fox,rich,radio,reflections,feed,the
"http://myfox8.com/2012/03/21/march-21/",march,fox
"http://myfox8.com/2012/03/29/aviation-industry-still-struggling-to-find-qualified-workers/feed/",aviation,fox,feed,still,workers,industry,find,qualified,struggling
"http://myfox8.com/pixel.quantserve.com/pixel/p-18-mFEk4J448M.gif?labels=%2Clanguage.en%2Ctype.wpcom%2Cposttag.aliens%2Cvip.localtvwghp",serve,post,fox,pixel,tag,labels,local,language,type,ant,aliens
"http://myfox8.com/2012/03/29/nc-weapons-center-sways-politicians-to-let-it-stay/",politicians,center,stay,fox,let,sways,weapons
"http://wqad.com/2012/03/03/early-screening-crucial-in-colon-cancer-treatment/",screening,crucial,treatment,colon,cancer,early
"http://myfox8.com/2012/03/13/worlds-tallest-man-may-have-stopped-growing/",may,fox,stopped,have,growing,worlds,tallest,man
"http://wqad.com/tag/crime-2/",crime,tag
"http://myfox8.com/2012/03/15/tot-experiences-bubbles-for-first-time-video/",time,experiences,tot,fox,for,bubbles,first,video
"http://wqad.com/tag/bnsf/",tag
"http://wqad.com/rss-feed/",feed
"http://myfox8.com/2012/03/26/beavers-building-dams-homes-on-muliple-greensboro-streams/",building,fox,greensboro,lip,beavers,dams,streams,homes
"http://wqad.com/2012/03/20/woman-accused-of-being-intoxicated-in-early-morning-crash/",intoxicated,woman,being,morning,crash,early,accused
"http://wqad.com/2012/03/29/180-year-old-cabin-moving-to-historic-illinois-fort/?share=twitter",twitter,cabin,share,old,illinois,moving,year,fort,historic
"http://wqad.com/category/news/entertainment/feed/",category,news,feed,entertainment
"http://myfox8.com/2012/03/03/little-threat-for-severe-weather-in-nc-this-weekend/",fox,for,threat,weekend,weather,little,severe,this
"http://myfox8.com/2012/03/07/roys-folks-maple-syrup-maker/",syrup,folks,fox,maker,roy,maple
"http://myfox8.com/contact/contact-story-ideas/feed/",ideas,story,fox,feed,contact
"http://myfox8.com/author/wghpbobbuckley/page/2/",buckley,author,bob,fox,page
"http://myfox8.com/2012/03/19/district-lost-track-of-malnourished-ohio-girl/",girl,lost,fox,ohio,track,malnourished,district
"http://wqad.com/contact/job-opportunities-at-news-8/",news,job,opportunities,contact
"http://myfox8.com/weather/maps-and-radar/watches-warnings/feed/",fox,maps,weather,feed,radar,warnings,watches,and
"http://myfox8.com/tag/roys-folks/feed/",folks,fox,tag,roy,feed
"http://www.1061wngc.com/ap/ap/entertainment/funeral-for-banjo-innovator-scruggs-is-sunday/nLgJk/",for,sunday,funeral,innovator,scruggs,banjo,entertainment
"http://www.1061wngc.com/gallery/entertainment/week-in-photos/gCtK/repl_href/",photos,ref,gallery,entertainment,rep,week
"http://www.1061wngc.com/ap/ap/entertainment/review-trip-to-mars-is-no-fun-in-john-carter/nLNFL/",carter,mars,john,fun,trip,review,entertainment
"http://www.1061wngc.com/lsp/t512/",
"http://www.1061wngc.com/gallery/events/station-events/uga-vs-mississippi-state-10111/gFNM/",station,gallery,events,state,mississippi
"http://www.1061wngc.com/lsp/t528/",
"http://www.1061wngc.com/news/entertainment/contests/25-blind-pig-tavern-gift-card/nGD8Q/",gift,contests,news,card,tavern,blind,entertainment,pig
"http://www.1061wngc.com/rss/comments/objects/292/883394/",men,objects
"http://www.1061wngc.com/social/favorites/favorite-event/add/1022485/",event,social,favorites,add,favorite
"http://www.1061wngc.com/gallery/events/station-events/1061-wngc-live-location-fear-factory/gF6n/",location,station,gallery,events,factory,fear,live
"http://www.1061wngc.com/categories/news/",news,categories
"http://www.1061wngc.com/social/favorites/favorite-event/add/1022486/",event,social,favorites,add,favorite
"http://www.1061wngc.com/social/favorites/favorite-galleries/add/5953/",galleries,social,favorites,add,favorite
"http://www.1061wngc.com/weblogs/wngc-impossible-question/2012/mar/14/impossible-question-wednesday-march-14-2012/",march,wednesday,logs,mar,web,question,impossible
"http://www.1061wngc.com/weblogs/celebrity-news/2012/mar/28/megan-fox-pregnant/",celebrity,megan,fox,news,logs,pregnant,mar,web
"http://www.1061wngc.com/news/entertainment/contests/web-contests/nGD5k/",contests,news,web,entertainment
"http://statesmanexaminer.com/sites/default/files/imagecache/article_taxonomy/Bee on flower.jpg",sites,files,default,article,cache,bee,image,taxonomy,examiner,statesman,flower
"http://statesmanexaminer.com/sites/default/files/imagecache/article_taxonomy/IMGP1332.JPG",sites,files,default,article,cache,image,taxonomy,examiner,statesman
"http://statesmanexaminer.com/sites/default/files/imagecache/article_taxonomy/IMG_5545.JPG",sites,files,default,article,cache,image,taxonomy,examiner,statesman
"http://statesmanexaminer.com/sites/default/files/imagecache/next_to_skyscraper/IMGP1267.JPG",sites,files,default,skyscraper,cache,next,image,examiner,statesman
"http://statesmanexaminer.com/sites/default/files/imagecache/next_to_skyscraper/IMG_2686.JPG",sites,files,default,skyscraper,cache,next,image,examiner,statesman
"http://sweetwaterreporter.com/node/add/pets",water,reporter,node,sweet,pets,add
"http://sweetwaterreporter.com/sites/default/files/css/css_41d27f148915a0ad3b78744dd2482a53.css",sites,water,reporter,files,default,sweet
"http://sweetwaterreporter.com/sites/default/files/css/css_bf1ec1566708f8841a23ee431828d23a.css",sites,water,reporter,files,default,sweet
"http://sweetwaterreporter.com/sites/default/files/imagecache/article_photo/c-michael leroy rice.jpg",water,sites,files,rice,cache,image,photo,reporter,sweet,default,article,michael,leroy
"http://sweetwaterreporter.com/sites/default/files/imagecache/article_taxonomy/IMG_2789.JPG",sites,water,reporter,files,default,sweet,article,cache,image,taxonomy
"http://sweetwaterreporter.com/sites/default/files/imagecache/article_taxonomy/IMG_2791.JPG",sites,water,reporter,files,default,sweet,article,cache,image,taxonomy
"http://sweetwaterreporter.com/sites/default/files/imagecache/article_taxonomy/The Big Country Athletic HoF Logo color_1.JPG",water,sites,logo,files,cache,image,the,country,reporter,sweet,default,article,color,taxonomy,big,athletic
"http://sweetwaterreporter.com/sites/default/files/imagecache/article_taxonomy/baseball_23.jpg",sites,water,reporter,files,default,sweet,article,cache,baseball,image,taxonomy
"http://sweetwaterreporter.com/sites/default/files/imagecache/article_taxonomy/male lab:pit mix.JPG",water,sites,files,cache,male,image,lab,mix,reporter,sweet,default,article,pit,taxonomy
"http://sweetwaterreporter.com/sites/default/files/imagecache/article_taxonomy/shockwave.jpg",sites,water,reporter,files,default,sweet,article,cache,wave,image,taxonomy,shock
"http://sweetwaterreporter.com/sites/default/files/imagecache/left/shockwave.jpg",sites,water,reporter,files,default,sweet,cache,wave,image,left,shock
"http://sweetwaterreporter.com/sites/default/files/imagecache/next_to_skyscraper/IMG_5545.JPG",sites,water,reporter,files,default,sweet,skyscraper,cache,next,image
"http://fox8.com/2011/11/16/franklin-elementary-school/",school,fox,franklin,elementary
"http://fox8.com/2011/11/17/bus-driver-kenny/",kenny,bus,fox,driver
"http://fox8.com/2011/11/17/party-rock-dance-lesson/",lesson,fox,rock,party,dance
"http://fox8.com/2011/11/17/decorating-with-pumpkins/?share=facebook",face,share,with,fox,pumpkins,book,decorating
"http://fox8.com/2012/01/26/madison-high-school/?share=twitter",twitter,share,school,fox,high,madison
"http://fox8.com/2012/03/08/i-x-indoor-amusement-park-roar-contest/feed/",fox,park,indoor,roar,amusement,contest,feed
"http://fox8.com/2012/02/27/fox-8-happy-healthy-kids/?share=facebook",face,share,fox,happy,book,healthy,kids
"http://fox8.com/2011/12/08/injured-student-thanks-classmates/",thanks,injured,fox,student,classmates
"http://fox8.com/2012/03/01/community-prepares-for-chardon-victims-funerals/",funerals,fox,victims,don,char,for,unity,prepares
"http://fox8.com/2012/01/19/independence-community-gathers-to-address-heroin-deaths/",fox,address,unity,deaths,independence,gathers,heroin
"http://fox8.com/2012/01/23/wilcox-elementary-school/feed/",school,fox,wilcox,feed,elementary
"http://fox8.com/2012/02/22/solon-high-school-music-in-motion/feed/",music,school,fox,feed,solon,high,motion
"http://fox8.com/2012/03/08/my-town-lenten-fish-fry-at-greek-orthodox-church/",fox,church,greek,lenten,fish,orthodox,town,fry
"http://fox8.com/2012/01/25/january-25-2012-live-show-clips/",fox,january,show,clips,live
"http://fox8.com/2012/03/09/march-9-2012-road-trip-wheeling-west-virginia/",march,fox,wheeling,virginia,trip,road,west
"http://fox8.com/2012/02/02/parenting-u-battling-lice/",battling,fox,lice,parenting
"http://fox8.com/2012/02/02/firefighter-kenny/?share=facebook",kenny,face,firefighter,share,fox,book
"http://fox8.com/2012/02/02/pay-it-forward-to-a-young-family-in-need/feed/",need,fox,forward,family,pay,feed,young
"http://fox8.com/2012/03/09/rembrandt-in-america/feed/",rembrandt,fox,america,feed
"http://fox8.com/2012/02/02/westerly-elementary-school/?like=1&_wpnonce=e943c36103",school,fox,nonce,like,elementary,westerly
"http://fox8.com/2012/02/06/6-out-of-10-men-consult-partner-about-clothes/",fox,clothes,about,partner,men,consult,out
"http://www.ducttapemarketing.com/blog/tag/david-meerman-scott/",scott,duct,erma,marketing,tag,david,tape,log
"http://5newsonline.com",news,online
"http://lehighvalleylive.com",valley,high,live
"http://k92fm.com",
"http://jobsintheus.com",jobs,nth
"http://newsday.com",news,day
"http://splitsider.com",splits
"http://ingredientsinc.net",ingredients,inc,net
"http://makingitlovely.com",lovely,making
"http://twentytwowords.com",two,twenty,words
"http://whnt.com",
"http://venturebeat.com",beat,venture
"http://wholenewmom.com",new,whole,mom
"http://cookeatshare.com",share,cooke
"http://coolmompicks.com",cool,picks,mom
"http://hothardware.com",hardware,hot
"http://www.powerathens.com/categories/online/error/",error,athens,power,categories,online
"http://www.powerathens.com/social/favorites/favorite-stories/add/854897/",stories,social,athens,power,favorites,add,favorite
"http://www.powerathens.com/social/favorites/favorite-galleries/add/6539/",galleries,social,athens,power,favorites,add,favorite
"http://www.powerathens.com/videos/entertainment/taylor-swift-to-receive-award-from-michelle-obama/vGhkJ/",videos,michelle,athens,award,taylor,power,from,receive,swift,entertainment
"http://www.powerathens.com/weblogs/celebrity-news/2011/./09/",celebrity,news,logs,athens,power,web
"http://www.powerathens.com/social/favorites/favorite-places/add/170691/",social,athens,power,places,favorites,add,favorite
"http://www.powerathens.com/rss/comments/objects/302/49387/",athens,power,men,objects
"http://www.powerathens.com/rss/comments/objects/302/49351/",athens,power,men,objects
"http://www.powerathens.com/videos/ap/entertainment/whitneys-best-duets/vF4TG/",whitney,videos,athens,best,power,duets,entertainment
"http://www.powerathens.com/videos/news/dad-of-slain-teens-friend-talks/vGfYt/",dad,slain,news,videos,athens,power,talks,teens,friend
"http://www.powerathens.com/social/favorites/favorite-entries/add/35447/",social,athens,entries,power,favorites,add,favorite
"http://www.powerathens.com/rss/comments/objects/292/882743/",athens,power,men,objects
"http://www.powerathens.com/weblogs/celebrity-news/2011/./07/",celebrity,news,logs,athens,power,web
"http://www.powerathens.com/categories/news/weirdnews/",news,athens,power,categories,weird
"http://www.powerathens.com/weblogs/celebrity-news/2011/./12/",celebrity,news,logs,athens,power,web
"http://www.powerathens.com/lsp/t18440/",athens,power
"http://www.powerathens.com/categories/events/conferences/",events,athens,power,conferences,categories
"http://www.powerathens.com/rss/comments/objects/302/49343/",athens,power,men,objects
"http://star94fm.com/mobilesite?return=%2Fnews%2Fentertainment%2Fstar-cares-fund%2FnWyt%2F",cares,news,mobiles,return,star,fund,entertainment
"http://www.powerathens.com/rss/comments/objects/302/49342/",athens,power,men,objects
"http://www.powerathens.com/categories/news/stateregional/",news,regional,state,athens,power,categories
"http://y100fm.com/fullsite?return=%2Fs%2Fcontests%2F",contests,fulls,return
"http://www.powerathens.com/gallery/entertainment/multimedia/actors-musicians-and-geeks-unite-sxsw-annual-festi/gd6j/",unite,musicians,annual,multimedia,gallery,athens,power,actors,geeks,fest,entertainment,and
"http://www.powerathens.com/weblogs/celebrity-news/2011/./05/",celebrity,news,logs,athens,power,web
"http://www.powerathens.com/weblogs/celebrity-news/2011/./11/",celebrity,news,logs,athens,power,web
"http://www.powerathens.com/weblogs/celebrity-news/2011/./10/",celebrity,news,logs,athens,power,web
"http://www.powerathens.com/rss/comments/objects/318/450686/",athens,power,men,objects
"http://www.powerathens.com/weblogs/celebrity-news/2011/./06/",celebrity,news,logs,athens,power,web
"http://y100fm.com/fullsite?return=%2Fonline%2Faudio-help%2F",help,fulls,audio,return,online
"http://www.powerathens.com/categories/ap/indiana/",indiana,athens,power,categories
"http://www.powerathens.com/social/favorites/favorite-entries/add/33013/",social,athens,entries,power,favorites,add,favorite
"http://star94fm.com/mobilesite?return=%2Fnews%2Flifestyles%2Fholiday%2Fpassover-memories-help-serving-story%2FnLZjJ%2F",holiday,story,help,news,serving,mobiles,return,star,memories,lifestyles,passover
"http://www.powerathens.com/rss/comments/objects/302/49350/",athens,power,men,objects
"http://star94fm.com/mobilesite?return=%2Fweblogs%2Fcelebrity-news%2F2012%2Fmar%2F28%2Fgood-news-lindsay-lohan%2F",han,celebrity,lindsay,news,logs,mobiles,return,star,good,mar,web
"http://star94fm.com/mobilesite?return=%2Fweblogs%2Fcelebrity-news%2F2012%2Fmar%2F26%2Freport-kim-kardashian-will-press-charges-against-f%2F",charges,press,logs,news,kim,ian,star,return,web,celebrity,dash,against,mobiles,will,report,mar
"http://star94fm.com/mobilesite?return=%2Fnews%2Flifestyles%2Fhealth%2Fmale-pattern-baldness-new-root-cause-found%2FnLZDB%2F",new,cause,pattern,root,news,male,mobiles,baldness,return,star,health,lifestyles,found
"http://www.powerathens.com/categories/ap/international/",international,athens,power,categories
"http://star94fm.com/mobilesite?return=%2Fweblogs%2Fcelebrity-news%2F2012%2Fmar%2F27%2Fjennifer-lawrence-hunger-games-guys-are-brothers%2F",lawrence,games,logs,news,star,return,web,guys,hunger,celebrity,are,jennifer,mobiles,mar,brothers
"http://www.powerathens.com/weblogs/power-pulse/2011/mar/14/david-and-victoria-expecting-a-baby-girl/",girl,logs,athens,power,victoria,david,mar,web,baby,pulse,expecting,and
"http://star94fm.com/mobilesite?return=%2Fweblogs%2Fmonica-mays-community-connection%2F2011%2Foct%2F17%2Fit-takes-courage%2F",takes,fit,connection,oct,monica,unity,logs,mobiles,return,star,courage,web,mays
"http://ulocal.kmbc.com/_Foggy-Sunrise-in-Lees-Summit/set/136309/62690.html",foggy,set,lees,summit,sunrise,local
"http://ulocal.kmbc.com/user/displayUserLoginPage.kickAction;jsessionid=5C2833B7B175DC631FF5C6C6FD409176?as=62690",kick,session,page,gin,action,display,local,user
"http://y100fm.com/fullsite?return=%2Flist%2Fentertainment%2Fmusic%2FY100-up-close-and-personal%2FeCB%2F",music,personal,fulls,return,list,entertainment,and,close
"http://www.powerathens.com/ap/ap/entertainment/sharapova-says-she-finds-red-carpets-terrifying/nLdyF/",red,finds,ara,she,athens,carpets,says,power,ova,terrifying,entertainment
"http://www.powerathens.com/rss/comments/objects/302/49209/",athens,power,men,objects
"http://y100fm.com/mobilesite?return=%2Flist%2Fentertainment%2Fmultimedia%2Fjesse-shotgun-show-podcast%2FeCZ%2F",multimedia,cast,jesse,mobiles,return,shotgun,show,list,entertainment,pod
"http://www.powerathens.com/categories/events/outdoorsrecreation/",events,outdoors,athens,power,categories,recreation
"http://www.powerathens.com/ap/ap/entertainment/oprah-winfrey-network-lays-off-30-workers/nLXmH/",oprah,lays,off,athens,power,winfrey,workers,network,entertainment
"http://www.powerathens.com/categories/events/performingarts/",arts,events,performing,athens,power,categories
"http://www.powerathens.com/gallery/ap/entertainment/michael-jackson-through-years/gCr7/repl_href",ref,jackson,gallery,michael,athens,power,years,through,entertainment,rep
"http://www.powerathens.com/categories/events/festivals/",festivals,events,athens,power,categories
"http://www.powerathens.com/gallery/entertainment/movies/stars-turn-out-hunger-games-premiere/gd6X/repl_href",turn,games,gallery,movies,entertainment,hunger,ref,stars,athens,power,premiere,out,rep
"http://www.powerathens.com/videos/news/national/texas-mom-battles-school-over-daughters-walker/vGjLc/",over,school,news,national,texas,videos,athens,power,walker,daughters,battles,mom
"http://www.powerathens.com/events/detail/1026537/",detail,events,athens,power
"http://www.powerathens.com/lsp/t31433/",athens,power
"http://www.powerathens.com/places/athens_flicker-theater/",flicker,athens,power,theater,places
"http://www.powerathens.com/rss/comments/objects/302/49210/",athens,power,men,objects
"http://www.powerathens.com/social/favorites/favorite-stories/add/862895/",stories,social,athens,power,favorites,add,favorite
"http://www.powerathens.com/gallery/entertainment/multimedia/new-orleans-goes-wild-mardi-gras/gQ95/",orleans,wild,goes,new,multimedia,gallery,athens,power,mar,entertainment
"http://www.powerathens.com/rss/comments/objects/302/37764/",athens,power,men,objects
"http://y100fm.com/fullsite?return=%2Fap%2Fap%2Fentertainment%2Fimage-awards-honor-lucas-houston-black-stuntmen%2FpPX9k%2F",fulls,lucas,honor,awards,houston,return,image,men,stunt,black,entertainment
"http://www.powerathens.com/social/favorites/favorite-stories/add/881835/",stories,social,athens,power,favorites,add,favorite
"http://www.powerathens.com/videos/online/home/calvin-harris-feel-so-close/vF5ZM/",feel,home,videos,harris,athens,power,calvin,close,online
"http://www.powerathens.com/weblogs/murph-dawg-and-cj/2012/mar/19/what-it-03-19-2012-8am/",what,logs,athens,power,mar,web,and
"http://www.powerathens.com/videos/entertainment/whitney-houston-dies-age-48/vF35K/",dies,whitney,age,houston,videos,athens,power,entertainment
